candidate_skill,postings_mentioning
jacks,33
business vision,28
probe,25
computer,24
conceptualize,19
bls,16
deep data,15
a/b tests,14
microsoft bi,14
ci / cd,12
durable,11
business smes,11
telco,9
a/b experiments,9
"scikit,",9
ca,9
310,8
jake,8
r,7
eotss,7
data designs,7
data remediation,6
computer data,6
data pertaining,6
spa,6
feature ai,6
solicit,6
feature vehicle,6
data vision,6
machine vision,6
owasp,5
rosslyn,5
business modeling,5
calculation,5
akkodis,5
map data,5
computer work,5
execute sql server,4
amazon cloud,4
data testing,4
scim,4
cpm,4
equis,4
standardisation,4
marital,4
vii,4
samaritan,4
cov-2,4
dph,3
nsc,3
quaker,3
govcon,3
ab,3
stap,3
power harvesting,3
viewform,3
dell'ingegneria,3
cranbury,3
power ai,3
pgsql,3
erc,3
edh,3
a/b experimentation,3
mehr,3
google/,3
mtv,2
amazon web service,2
sdr,2
logit,2
ksu,2
power engineering,2
water testing,2
deep machine,2
million series,2
ring,2
time intelligence,2
https://intrepiddirect.com/,2
preoperative,2
deep excel,2
a/b and,2
dag,2
scikit learn-,2
scot,2
natural medicine,2
a/b or,2
gds,2
bucks,2
feature pipelines,2
continuous analysis,2
sparkmlib,2
elicit,2
shears,2
big tech,2
jun,2
computer modeling,2
rv,2
defra,2
transferable,2
business modelling,2
staunch advocates,2
uscg,2
unix server,1
unix / linux,1
delhaize,1
business financing,1
computer time,1
cns,1
natural / life,1
webquery,1
gst,1
microsoft learning,1
scikit-image,1
xavier,1
globe,1
slo,1
business clearance,1
data learning,1
libtorch,1
rencontres,1
longueuil,1
diversifié,1
business servicing,1
06:45,1
eut,1
fun,1
matplolib,1
big business,1
n4,1
psur,1
woonsocket,1
autres,1
s’agit,1
southside,1
data stage/,1
ci/dc,1
server integration,1
map testing,1
hadooop,1
radicle,1
microforms,1
metadata modeling,1
relevante,1
mian.chin@nasa.gov,1
dashboard visualization,1
raster data,1
sta,1
lpar,1
lamination,1
aam,1
priceline,1
apache web servers,1
sussex,1
vision benefits\,1
arkansas,1
biqquery,1
nonfaculty,1
ksf,1
when learning,1
m series,1
http://www.naces.org/members.html,1
domicile,1
fiable,1
q4,1
dashboard modeling,1
data series,1
nivea,1
cliq,1
habitat,1
data web,1
314b,1
saravanan,1
business test,1
business learning,1
https://hhd.psu.edu/research/college-department-research,1
qt,1
business ready,1
scikit lean,1
tcus,1
ms|sql,1
alex.piazza@mercy.net,1
display intelligence,1
dcpd,1
google vertex,1
pl\/sql,1
stockage,1
healthy,1
nexus series,1
data warehouse(azure,1
data machine,1
platform pipelines,1
business testing,1
ccso,1
feature/,1
amazon snowflake,1
hie,1
warehousing pipelines,1
a/b/,1
•certified,1
google studio,1
chandramouli,1
